SOCBP,R0,R1,R2,Tau1,Tau2,C1,C2
0.0437118352691983,0.00405130650448229,0.00235698840611736,0.00345794315132091,17.3844526755328,460.506319678115,7375.70563792885,133173.479009395
0.0537118352691983,0.00404268086472315,0.00229837908088993,0.00326655190122756,17.2676930261539,445.862365831482,7512.98737868246,136493.27465574
0.0637118352691983,0.00403426955703368,0.00224373909137249,0.00309086689743975,17.1610693001893,431.831096683447,7648.4246168265,139711.967875791
0.0737118352691983,0.00402606726766179,0.00219297795541753,0.00293049053808818,17.0643168094919,418.402786606304,7781.34443501187,142775.682490095
0.0837118352691983,0.00401806868285534,0.00214600519087755,0.00278502522130353,16.9771708659147,405.567709972348,7911.05768899483,145624.429850772
0.0937118352691983,0.00401026848886223,0.00210273031560505,0.0026540733452165,16.8993667813104,393.316141153871,8036.86837817228,148193.395582965
0.103711835269198,0.00400266137193034,0.00206306284745252,0.00253723730795777,16.8306398675321,381.63835452317,8158.08393249613,150414.923084334
0.113711835269198,0.00399524201830754,0.00202691230427247,0.00243411950765803,16.7707254364327,370.524624452536,8274.02616338269,152221.213168384
0.123711835269198,0.00398800511424172,0.00199418820391739,0.00234432234244798,16.7193587998651,359.965225314266,8384.0425728231,153547.666545883
0.133711835269198,0.00398094534598077,0.00196480006423979,0.0022674482104583,16.6762752696821,349.950431480652,8487.51767327248,154336.681149564
0.143711835269198,0.00397405739977256,0.00193865740309215,0.00220309950981968,16.6412101577367,340.470517323989,8583.88394524688,154541.59732978
0.153711835269198,0.00396733596186498,0.00191566973832698,0.00215087863866281,16.6138987758818,331.515757216572,8672.6320531593,154130.387115971
0.163711835269198,0.00396077571850592,0.00189574658779677,0.00211038799511837,16.5940764359704,323.076425530693,8753.31995467598,153088.638808605
0.173711835269198,0.00395437135594324,0.00187879746935403,0.00208122997731707,16.5814784498552,315.142796638648,8825.58057498146,151421.419099922
0.183711835269198,0.00394811756042485,0.00186473190085125,0.00206300698338958,16.5758401293893,307.70514491273,8889.12777317881,149153.709798481
0.193711835269198,0.00394200901819862,0.00185345940014092,0.0020553214114666,16.5768967864256,300.753744725234,8943.76040023601,146329.300637523
0.203711835269198,0.00393604041551242,0.00184488948507556,0.00205777565967881,16.5843837328169,294.278870448453,8989.36433156464,143008.237591062
0.213711835269198,0.00393020643861416,0.00183893167350765,0.00206997212615691,16.5980362804162,288.270796454682,9025.91244663073,139263.129590968
0.223711835269198,0.0039245017737517,0.0018354954832897,0.00209151320903158,16.6175897410764,282.719797116214,9053.46261669532,135174.760501331
0.233711835269198,0.00391892110717294,0.00183449043227419,0.00212200130643352,16.6427794266504,277.616146805345,9072.15384384345,130827.509843497
0.243711835269198,0.00391345912512574,0.00183582603831364,0.0021610388164934,16.6733406489911,272.950119894368,9082.2007646797,126305.051908909
0.253711835269198,0.00390811051385801,0.00183941181926054,0.00220822813734193,16.7090087199514,268.711990755577,9083.88678652102,121686.698132118
0.263711835269198,0.00390286995961761,0.00184515729296738,0.00226317166710979,16.7495189513843,264.892033761266,9077.55616023807,117044.604972255
0.273711835269198,0.00389773214865244,0.00185297197728667,0.00232547180392767,16.7946066551426,261.480523283729,9063.60531136318,112441.9237602
0.283711835269198,0.00389269176721037,0.0018627653900709,0.00239473094592626,16.8440071430792,258.467733695261,9042.47375051249,107931.846846907
0.293711835269198,0.00388774350153928,0.00187444704917257,0.00247055149123624,16.8974557270472,255.843939368156,9014.63486765667,103557.420388002
0.303711835269198,0.00388288203788707,0.00188792647244417,0.00255253583798832,16.9546877188993,253.599414674708,8980.5868853299,99351.9506760666
0.313711835269198,0.00387810206250162,0.00190311317773822,0.00264028638431317,17.0154384304885,251.72443398721,8940.84420702228,95339.8220294547
0.323711835269198,0.00387339826163079,0.0019199166829072,0.00273340552834148,17.0794431736677,250.209271677957,8895.92935241622,91537.5596791793
0.333711835269198,0.00386876532152249,0.00193824650580361,0.00283149566820395,17.1464372602899,249.044202119243,8846.36562426348,87955.0002198008
0.343711835269198,0.00386419792842459,0.00195801216427996,0.00293415920203126,17.2161560022079,248.219499683363,8792.67060556744,84596.4661738617
0.353711835269198,0.00385969076858497,0.00197912317618873,0.00304099852795411,17.2883347112746,247.72543874261,8735.35054274255,81461.8739421987
0.363711835269198,0.00385523852825151,0.00200148905938243,0.00315161604410318,17.362708699343,247.552293669278,8674.89563230504,78547.732403019
0.373711835269198,0.00385083589367211,0.00202501933171356,0.00326561414860916,17.4390132782659,247.690338835662,8611.77619648161,75848.0112970953
0.383711835269198,0.00384647755109464,0.00204962351103461,0.00338259523960274,17.5169837598964,248.129848614055,8546.43970738515,73354.8743015425
0.393711835269198,0.00384215818676699,0.00207521111519808,0.00350216171521461,17.5963554560872,248.861097376752,8479.30860008312,71059.2821272681
0.403711835269198,0.00383787248693703,0.00210169166205647,0.00362391597357546,17.6768636786913,249.874359496047,8410.77880158442,68951.477163946
0.413711835269198,0.00383361513785265,0.00212897466946228,0.00374746041281598,17.7582437395616,251.159909344234,8341.21889484334,67021.3642511846
0.423711835269198,0.00382938082576174,0.00215696965526801,0.00387239743106685,17.8402309505511,252.708021293608,8270.96983352528,65258.8030521407
0.433711835269198,0.00382516423691217,0.00218558613732615,0.00399832942645877,17.9225606235126,254.508969716461,8200.3451236377,63653.8270289233
0.443711835269198,0.00382096005755183,0.0022147336334892,0.00412485879712243,18.0049680702991,256.553028985088,8129.631391353,62196.8027521485
0.453711835269198,0.0038167629739286,0.00224432166160966,0.00425158794118851,18.0871886027634,258.830473471785,8059.08926164844,60878.5416301255
0.463711835269198,0.00381256767229037,0.00227425973954003,0.00437811925678771,18.1689575327585,261.331577548843,7988.95447906631,59690.3743870573
0.473711835269198,0.00380836883888502,0.00230445738513281,0.00450405514205071,18.2500101721373,264.046615588559,7919.43920936751,58624.1969205416
0.483711835269198,0.00380416115996042,0.00233482411624049,0.0046289979951082,18.3300818327527,266.965861963225,7850.73346863814,57672.4946187808
0.493711835269198,0.00379993932176446,0.00236526945071558,0.00475255021409087,18.4089078264576,270.079591045136,7783.00663414405,56828.350859792
0.503711835269198,0.00379569801054504,0.00239570290641057,0.00487431419712942,18.486223465105,273.378077206586,7716.40899864437,56085.4442595399
0.513711835269198,0.00379143191255002,0.00242603400117795,0.00499389234235452,18.5617640605476,276.851594819869,7651.07333678548,55438.0382756387
0.523711835269198,0.00378713571402729,0.00245617225287023,0.00511088704789687,18.6352649246385,280.490418257279,7587.11645849013,54880.9659905712
0.533711835269198,0.00378280410122473,0.00248602717933991,0.00522490071188716,18.7064613692306,284.284821891111,7524.64072987229,54409.6122715471
0.543711835269198,0.00377843176039023,0.00251550829843948,0.00533553573245608,18.7750887061768,288.225080093658,7463.73554713536,54019.8950108016
0.553711835269198,0.00377401337777167,0.00254452512802144,0.00544239450773431,18.8408822473299,292.301467237215,7404.47875316525,53708.2467692885
0.563711835269198,0.00376954363961693,0.0025729871859383,0.00554507943585255,18.9035773045429,296.504257694075,7346.93799015144,53471.5978597136
0.573711835269198,0.00376501723217389,0.00260080399004254,0.00564319291494149,18.9629091896687,300.823725836533,7291.17198461334,53307.3616959013
0.583711835269198,0.00376042884169044,0.00262788505818666,0.00573633734313181,19.0186132145603,305.250146036883,7237.23176373773,53213.4230917161
0.593711835269198,0.00375577315441446,0.00265413990822317,0.0058241151185542,19.0704246910705,309.773792667419,7185.16180401254,53188.1301041864
0.603711835269198,0.00375104485659384,0.00267947805800456,0.00590612863933935,19.1180789310522,314.384940100436,7135.00111484013,53230.2899747883
0.613711835269198,0.00374623863447645,0.00270380902538333,0.00598198030361796,19.1613112463584,319.073862708226,7086.78426119308,53339.1697253245
0.623711835269198,0.00374134917431018,0.00272704232821198,0.00605127250952071,19.199856948842,323.830834863085,7040.54233050008,53514.5020082287
0.633711835269198,0.0037363711623429,0.00274908748434301,0.00611360765517828,19.2334513503558,328.646130937306,6996.30384987631,53756.4968957306
0.643711835269198,0.00373129928482252,0.00276985401162891,0.00616858813872138,19.2618297627528,333.510025303184,6954.09566059593,54065.8604210711
0.653711835269198,0.0037261282279969,0.00278925142792218,0.00621581635828068,19.284727497886,338.412792333013,6913.94375739439,54443.8208638807
0.663711835269198,0.00372085267811392,0.00280718925107533,0.00625489471198688,19.3018798676081,343.344706399086,6875.87410083388,54892.1640105469
0.673711835269198,0.00371546732142148,0.00282357699894084,0.00628542559797067,19.3130221837722,348.296041873699,6839.91341161114,55413.2789331164
0.683711835269198,0.00370996684416746,0.00283832418937122,0.00630701141436273,19.3178897582311,353.257073129144,6806.08995638044,56010.2162372315
0.693711835269198,0.00370434593259973,0.00285134034021897,0.00631925455929376,19.3162179028378,358.218074537717,6774.43433545166,56686.7612590291
0.703711835269198,0.00369859927296618,0.00286253496933657,0.00632175743089444,19.3077419294451,363.169320471711,6744.98028365394,57447.525382246
0.713711835269198,0.0036927215515147,0.00287181759457654,0.00631412242729547,19.292197149906,368.10108530342,6717.76549678487,58298.059554903
0.723711835269198,0.00368670745449316,0.00287909773379137,0.00629595194662753,19.2693188760734,373.003643405139,6692.83249745691,59244.9952870019
0.733711835269198,0.00368055166814944,0.00288428490483356,0.00626684838702131,19.2388424198002,377.867269149161,6670.22955588031,60296.2200157462
0.743711835269198,0.00367424887873144,0.0028872886255556,0.0062264141466075,19.2005030929393,382.682236907781,6650.01168327763,61461.0958887609
0.753711835269198,0.00366779377248704,0.00288801841380999,0.00617425162351679,19.1540362073437,387.438821053293,6632.24171831885,62750.7339638697
0.763711835269198,0.00366118103566411,0.00288638378744924,0.00610996321587987,19.0991770748661,392.127295957991,6616.99153034133,64178.3398857209
0.773711835269198,0.00365440535451054,0.00288229426432584,0.00603315132182743,19.0356610073597,396.737935994169,6604.34336735291,65759.65276369
0.783711835269198,0.00364746141527421,0.00287565936229228,0.00594341833949016,18.9632233166771,401.261015534121,6594.39138214234,67513.5069776263
0.793711835269198,0.003640343904203,0.00286638859920107,0.00584036666699874,18.8815993146715,405.686808950141,6587.24337653807,69462.558103157
0.803711835269198,0.00363304750754481,0.00285439149290471,0.00572359870248387,18.7905243131956,410.005590614524,6583.02281235917,71634.2308269436
0.813711835269198,0.0036255669115475,0.00283957756125568,0.00559271684407623,18.6897336241025,414.207634899563,6581.87114841044,74061.9713902179
0.823711835269198,0.00361789680245897,0.0028218563221065,0.00544732348990652,18.5789625592449,418.283216177553,6583.95057668131,76786.9242486885
0.833711835269198,0.00361003186652709,0.00280113729330966,0.00528702103810542,18.4579464304759,422.222608820788,6589.44724864487,79860.2097055566
0.843711835269198,0.00360196678999975,0.00277732999271765,0.00511141188680362,18.3264205496483,426.016087201562,6598.57510547951,83346.0688819517
0.853711835269198,0.00359369625912484,0.00275034393818298,0.00492009843413182,18.184120228615,429.653925692168,6611.58045587142,87326.2865457251
0.863711835269198,0.00358521496015022,0.00272008864755814,0.00471268307822069,18.030780779229,433.126398664902,6628.74748417317,91906.5406003138
0.873711835269198,0.0035765175793238,0.00268647363869563,0.00448876821720094,17.8661375133432,436.423780492057,6650.4049233916,97225.7330685248
0.883711835269198,0.00356759880289344,0.00264940842944795,0.00424795624920325,17.6899257428104,439.536345545927,6676.93419639961,103470.073550867
0.893711835269198,0.00355845331710703,0.0026088025376676,0.0039898495723583,17.5018807794836,442.454368198806,6708.77942150854,110894.999967952
0.903711835269198,0.00354907580821246,0.00256456548120707,0.00371405058479679,17.3017379352158,445.168122822989,6746.45980459517,119860.543807684
0.913711835269198,0.00353946096245761,0.00251660677791887,0.00342016168464941,17.0892325218597,447.66788379077,6790.58511317841,130890.854020154
0.923711835269198,0.00352960346609036,0.00246483594565548,0.00310778527004684,16.8640998512684,449.943925474443,6841.87516860627,144779.605531646
0.933711835269198,0.00351949800535859,0.00240916250226942,0.00277652373911979,16.6260752352947,451.986522246301,6901.18463143646,162788.639577629
0.943711835269198,0.00350913926651019,0.00234949596561318,0.00242597948999892,16.3748939857916,453.785948478639,6969.53483872787,187052.673095287
0.953711835269198,0.00349852193579304,0.00228574585353925,0.00205575492081493,16.110291414612,455.332478543752,7048.15515236166,221491.61552937
0.963711835269198,0.00348764069945501,0.00221782168390013,0.00166545242969853,15.8320028336087,456.616386813933,7138.53730826881,274169.576189329
0.973711835269198,0.00347649024374401,0.00214563297454833,0.00125467441478038,15.5397635546347,457.627947661476,7242.50780024756,364738.407247732
0.983711835269198,0.00346506525490789,0.00206908924333634,0.000823023274191183,15.2333088895429,458.357435458675,7362.32568923884,556919.165997002
